{"cameraMode":{"drawMode":0,"name":"Shaded","section":"Shading Mode"},"sceneLighting":true,"audioPlay":false,"sceneViewState":{"m_AlwaysRefresh":false,"showFog":true,"showSkybox":true,"showFlares":true,"showImageEffects":true,"showParticleSystems":true,"showVisualEffectGraphs":true,"m_FxEnabled":true},"in2DMode":false,"pivot":{"x":2.7100000381469728,"y":5.119999885559082,"z":-2.440000295639038},"rotation":{"x":0.22433951497077943,"y":-0.09629419445991516,"z":0.022282570600509645,"w":0.9694892168045044},"size":12.12435531616211,"orthographic":false}